Segment,Accuracy,Precision,Recall,F1,ROC-AUC
Young Professionals,0.9411764705882353,0.8333333333333334,0.7142857142857143,0.7692307692307693,0.8457792207792209
Budget Conscious,0.9803921568627451,1.0,0.5,0.6666666666666666,0.75
Premium Spenders,0.9795918367346939,0.875,1.0,0.9333333333333333,0.988095238095238
